D_auc,D_aupr,D_aucpc,D_auopc,D_threshold,D_f_max,D_mcc,D_acc,D_pre,D_rec,D_fpr,opr,cpr,D_threshold2,D_f_score,D_mcc,D_acc,D_pre,D_rec,D_fpr,opr,cpr
0.8223783355090751,0.18211221095155605,0.2377035622388216,0.17344604752458545,0.45151,0.2576447625243982,0.24278717036665104,0.96634,0.22851,0.2953,0.02011615310544054,0.016735055113042078,0.06876591803658254,0.51681,0.24916076091010816,0.23401735757306605,0.97031,0.24925,0.24907,0.015136013480982187,0.012309920347574221,0.05579995369298449
R_auc,R_aupr,R_aucpc,R_auopc,R_threshold,R_f_max,R_mcc,R_acc,R_pre,R_rec,R_fpr,opr,cpr,R_threshold2,R_f_score,R_mcc,R_acc,R_pre,R_rec,R_fpr,opr,cpr
0.7745094659994844,0.37094556037705917,0.23863817866507703,0.22522417492685426,0.09691,0.40339653367453765,0.3631570621174615,0.92436,0.41325,0.394,0.038830357706138414,0.03802397618472926,0.07863383637807785,0.08551,0.4005907748239037,0.3589845670136709,0.92219,0.40059,0.40059,0.04160620781023279,0.04079169683804007,0.0818109610802224
