D_auc,D_aupr,D_aucpc,D_auopc,D_threshold,D_f_max,D_mcc,D_acc,D_pre,D_rec,D_fpr,opr,cpr,D_threshold2,D_f_score,D_mcc,D_acc,D_pre,D_rec,D_fpr,opr,cpr
0.7630812827595442,0.06723154402435114,0.30421913543317175,0.23224142210529858,0.45101,0.13629160063391443,0.12224221974637668,0.94374,0.09785,0.22446,0.04175192585459798,0.03689757824442835,0.11159990738596898,0.58451,0.11264453562103692,0.09474777305962936,0.96491,0.11269,0.1126,0.017889383726528648,0.014997184005149248,0.0595045149340125
R_auc,R_aupr,R_aucpc,R_auopc,R_threshold,R_f_max,R_mcc,R_acc,R_pre,R_rec,R_fpr,opr,cpr,R_threshold2,R_f_score,R_mcc,R_acc,R_pre,R_rec,R_fpr,opr,cpr
0.6088189049807176,0.20528474670269775,0.3107601186025488,0.39281034933272163,0.24221,0.2490051165434906,0.21836582212808905,0.92207,0.33245,0.19905,0.027742729165352344,0.028095582910934107,0.010325655281969817,0.18001,0.23573539440781996,0.18271205454103706,0.90083,0.23584,0.23563,0.052993501987256324,0.053552176361734656,0.025416997617156472
