D_auc,D_aupr,D_aucpc,D_auopc,D_threshold,D_f_max,D_mcc,D_acc,D_pre,D_rec,D_fpr,opr,cpr,D_threshold2,D_f_score,D_mcc,D_acc,D_pre,D_rec,D_fpr,opr,cpr
0.744099601939785,0.04598659325697597,0.5601385170255978,0.2347562282024389,0.7756,0.10352167182662537,0.11151200329591517,0.86334,0.05948,0.39896,0.1272869523350987,0.10353206211280071,0.4690900671451725,0.8972,0.0351008215085885,0.015662374017037326,0.96189,0.03515,0.03505,0.019409003370245547,0.011280070802156247,0.13637416068534383
