D_auc,D_aupr,D_aucpc,D_auopc,D_threshold,D_f_max,D_mcc,D_acc,D_pre,D_rec,D_fpr,opr,cpr,D_threshold2,D_f_score,D_mcc,D_acc,D_pre,D_rec,D_fpr,opr,cpr
0.7641077757815526,0.05697084256542325,0.49104722400492146,0.2181592699328607,0.2872,0.12556913491492933,0.13414594418143272,0.89237,0.0748,0.39075,0.0975114347616755,0.07966851717756859,0.354248668673304,1.1933,0.07829977628635347,0.059703242824629826,0.96354,0.0783,0.0783,0.01859653346172364,0.012068549360366883,0.11252604769622598
R_auc,R_aupr,R_aucpc,R_auopc,R_threshold,R_f_max,R_mcc,R_acc,R_pre,R_rec,R_fpr,opr,cpr,R_threshold2,R_f_score,R_mcc,R_acc,R_pre,R_rec,R_fpr,opr,cpr
0.7777732336427516,0.2736062584043564,0.4598873568159738,0.21741198345616966,0.6183,0.31835853131749464,0.2689122318944926,0.90691,0.30335,0.33492,0.05338779887704246,0.04951323517579854,0.24463860206513105,0.6718,0.3126562144967053,0.26494629083258314,0.91077,0.31266,0.31266,0.04770992366412214,0.04402606806661839,0.22954725972994441
