D_auc,D_aupr,D_aucpc,D_auopc,D_threshold,D_f_max,D_mcc,D_acc,D_pre,D_rec,D_fpr,opr,cpr,D_threshold2,D_f_score,D_mcc,D_acc,D_pre,D_rec,D_fpr,opr,cpr
0.7371949316526266,0.08490886130389225,0.4210704517558422,0.25180582157062253,29,0.1914390191439019,0.18663844729696716,0.94456,0.13452,0.33184,0.04307595089070775,0.04130662161074906,0.06853438295901829,51,0.1489841986455982,0.13197755178841838,0.96664,0.15034,0.14765,0.016836181993259508,0.015544291576152546,0.0354248668673304
R_auc,R_aupr,R_aucpc,R_auopc,R_threshold,R_f_max,R_mcc,R_acc,R_pre,R_rec,R_fpr,opr,cpr,R_threshold2,R_f_score,R_mcc,R_acc,R_pre,R_rec,R_fpr,opr,cpr
0.7503655161733865,0.3767508181510251,0.35614748543502006,0.24747662930855122,13,0.42476539747600045,0.3832346898222844,0.92135,0.40431,0.4474,0.04575421109078292,0.045104191809477834,0.0778395552025417,18,0.4235672447456069,0.3840484878968906,0.92598,0.42824,0.419,0.038830357706138414,0.03828143857108376,0.0659253375694996
