R_auc,R_aupr,R_aucpc,R_auopc,R_threshold,R_f_max,R_mcc,R_acc,R_pre,R_rec,R_fpr,opr,cpr,R_threshold2,R_f_score,R_mcc,R_acc,R_pre,R_rec,R_fpr,opr,cpr
0.7581409343696311,0.2877210657883582,0.392292422528709,0.23881142549302853,0.784,0.3244644870349493,0.27719889427993727,0.91163,0.322,0.32697,0.04778878304207936,0.045957035964277096,0.13820492454328834,0.796,0.3233356055441945,0.2763669600328703,0.91216,0.32334,0.32334,0.04696864551132421,0.0451524660069193,0.13661636219221604
